domain,relationship,x_variable,y_variable,pearson_correlation,spearman_correlation,number_of_samples,slope,intercept,r_squared,mean_absolute_error,root_mean_squared_error
Biochem,Signal vs Concentration,input_value,signal,0.9993192595149886,0.9486832980505139,9,0.9819672131147541,0.019617486338797896,0.9986389824375849,0.011244687310261077,0.013346987544113934
Electronics,Signal vs Load,input_value,signal,-0.9845302089827362,-0.9486832980505139,9,-0.023476190476190494,5.153333333333335,0.9692997323995908,0.037883597883597825,0.05210896194843956
Electronics,Signal vs Temperature,temperature_c,signal,-0.9919948344246583,-0.9748243359065808,9,-0.051952526799387465,6.764471669218992,0.9840537515252052,0.02668878679598426,0.03755524544959474
Mechanical,Signal vs Load,input_value,signal,0.9840701951202628,0.9486832980505139,9,0.013733333333333334,-0.20999999999999996,0.9683941489240318,0.07777777777777777,0.10128800155625176
Mechanical,Stress vs Load,input_value,stress_mpa,0.9842913933850477,0.9486832980505139,9,1.6400000000000003,-5.333333333333371,0.9688295470918789,9.407407407407414,12.00925568976788
