{
    "Baseline Accuracy": 0.6079059829059829,
    "Accuracy": 0.8162393162393162,
    "Precision": 0.878095238095238,
    "Recall": 0.8101933216168717,
    "F1 Score": 0.8427787934186471
}