{
    "Baseline MAE": 0.929738603227449,
    "Model MAE": 0.47428524665706745,
    "MSE": 0.4389839648403238,
    "RMSE": 0.6625586501135758,
    "R2 Score": 0.7270975606512204
}